NOMBRE,APELLIDO,TELEFONO,CORREO
Alexei ,Palacios,5555555,sukesasuk2010@gmail.com
Alexei ,Palacios,5555555,sukesasuk2010@gmail.com
Alexei ,Palacios,5555555,sukesasuk2010@gmail.com
Alexei ,Palacios,5555555,sukesasuk2010@gmail.com
Alexei ,Palacios,5555555,sukesasuk2010@gmail.com
Alexei ,Palacios,5555555,sukesasuk2010@gmail.com
Alexei ,Palacios,5555555,sukesasuk2010@gmail.com
Alexei ,Palacios,5555555,sukesasuk2010@gmail.com
Alexei ,Palacios,5555555,sukesasuk2010@gmail.com
Alexei ,Palacios,5555555,sukesasuk2010@gmail.com
Alexei ,Palacios,5555555,sukesasuk2010@gmail.com
Alexei ,Palacios,5555555,sukesasuk2010@gmail.com
Alexei ,Palacios,5555555,sukesasuk2010@gmail.com
Alexei ,Palacios,5555555,sukesasuk2010@gmail.com
Alexei ,Palacios,5555555,sukesasuk2010@gmail.com
Alexei ,Palacios,5555555,sukesasuk2010@gmail.com